<?xml version="1.0" encoding="UTF-8"?>
<objects serializationModel="Studio.02.02.00">
	<object class="MixerGroup" id="{75b3a7eb-48a7-4bd2-a342-8fcb302b9eb1}">
		<property name="name">
			<value>sfx_book</value>
		</property>
		<relationship name="effectChain">
			<destination>{d2b9481b-4e19-4036-ac3a-4b4572fe19cd}</destination>
		</relationship>
		<relationship name="panner">
			<destination>{f7a3da76-63d5-4a0f-b7dc-cbffd1f00e2e}</destination>
		</relationship>
		<relationship name="output">
			<destination>{9d7ff1f2-8fc9-470a-9924-0998439ad419}</destination>
		</relationship>
	</object>
	<object class="MixerBusEffectChain" id="{d2b9481b-4e19-4036-ac3a-4b4572fe19cd}">
		<relationship name="effects">
			<destination>{aeadb2f5-adc3-4f57-8b9a-de01d23adf4b}</destination>
			<destination>{0e7b8275-64c3-4bb7-a8ad-5176f30d10c7}</destination>
		</relationship>
	</object>
	<object class="MixerBusPanner" id="{f7a3da76-63d5-4a0f-b7dc-cbffd1f00e2e}" />
	<object class="MixerBusFader" id="{aeadb2f5-adc3-4f57-8b9a-de01d23adf4b}" />
	<object class="MixerSend" id="{0e7b8275-64c3-4bb7-a8ad-5176f30d10c7}">
		<property name="level">
			<value>-4</value>
		</property>
		<property name="inputFormat">
			<value>2</value>
		</property>
		<relationship name="mixerReturn">
			<destination>{9a2dd36e-e75f-4508-9f17-4216996d8869}</destination>
		</relationship>
	</object>
</objects>
