<?xml version="1.0" encoding="UTF-8"?>
<objects serializationModel="Studio.02.02.00">
	<object class="ParameterPreset" id="{7bf4b0a4-a4d7-4914-94b8-6bc37e77ce29}">
		<property name="name">
			<value>Speed</value>
		</property>
		<relationship name="folder">
			<destination>{baad7a71-f567-4759-bdef-022dfe33f9d2}</destination>
		</relationship>
		<relationship name="parameter">
			<destination>{6dbd882b-ba4a-4192-9ded-d87b0fa9bc36}</destination>
		</relationship>
	</object>
	<object class="GameParameter" id="{6dbd882b-ba4a-4192-9ded-d87b0fa9bc36}">
		<property name="parameterType">
			<value>9</value>
		</property>
		<property name="maximum">
			<value>10</value>
		</property>
		<property name="initialValue">
			<value>0</value>
		</property>
		<property name="isExposedRecursively">
			<value>false</value>
		</property>
	</object>
</objects>
