<?xml version="1.0" encoding="UTF-8"?>
<objects serializationModel="Studio.02.02.00">
	<object class="Event" id="{222cb187-0caa-4699-b0c6-2bb3b85a87d0}">
		<property name="name">
			<value>game_win</value>
		</property>
		<property name="outputFormat">
			<value>0</value>
		</property>
		<relationship name="folder">
			<destination>{442e9340-e5f2-4cd9-a194-b23dc79f1558}</destination>
		</relationship>
		<relationship name="mixer">
			<destination>{2833bf52-4344-483b-ad34-374e50b9906f}</destination>
		</relationship>
		<relationship name="masterTrack">
			<destination>{da25f4db-d7b0-418e-ad2e-36ad84004ac3}</destination>
		</relationship>
		<relationship name="mixerInput">
			<destination>{28897799-be40-4ac8-beea-54e9e3f9e50c}</destination>
		</relationship>
		<relationship name="automatableProperties">
			<destination>{984f10fb-1e2c-4a86-9b59-e485cd52fb7e}</destination>
		</relationship>
		<relationship name="markerTracks">
			<destination>{480b29d1-57d1-4c6f-9bba-45a5fd301070}</destination>
		</relationship>
		<relationship name="groupTracks">
			<destination>{1ad9034e-83df-42a5-b95a-098ff3551030}</destination>
		</relationship>
		<relationship name="timeline">
			<destination>{46999be9-1c4a-4048-92b3-6e3ac630bfaf}</destination>
		</relationship>
		<relationship name="parameters">
			<destination>{00660931-521b-4c5d-84fb-795cb739c4e3}</destination>
		</relationship>
		<relationship name="banks">
			<destination>{38cbe485-15ec-4f0f-8aa4-57410b1b7d18}</destination>
		</relationship>
	</object>
	<object class="EventMixer" id="{2833bf52-4344-483b-ad34-374e50b9906f}">
		<relationship name="masterBus">
			<destination>{6de3fac3-ef41-4d12-8e1f-7118562b2d24}</destination>
		</relationship>
	</object>
	<object class="MasterTrack" id="{da25f4db-d7b0-418e-ad2e-36ad84004ac3}">
		<relationship name="modules">
			<destination>{cf717517-d787-4053-a57f-774bb2d9b0c2}</destination>
		</relationship>
		<relationship name="mixerGroup">
			<destination>{6de3fac3-ef41-4d12-8e1f-7118562b2d24}</destination>
		</relationship>
	</object>
	<object class="MixerInput" id="{28897799-be40-4ac8-beea-54e9e3f9e50c}">
		<relationship name="effectChain">
			<destination>{e0a99726-9b01-4f63-a22d-45afee216a98}</destination>
		</relationship>
		<relationship name="panner">
			<destination>{656c416e-379e-423e-96ed-1ae2d62cbec3}</destination>
		</relationship>
		<relationship name="output">
			<destination>{8c5fcc5f-6796-4f7f-b057-a67549a449af}</destination>
		</relationship>
	</object>
	<object class="EventAutomatableProperties" id="{984f10fb-1e2c-4a86-9b59-e485cd52fb7e}" />
	<object class="MarkerTrack" id="{480b29d1-57d1-4c6f-9bba-45a5fd301070}" />
	<object class="GroupTrack" id="{1ad9034e-83df-42a5-b95a-098ff3551030}">
		<relationship name="mixerGroup">
			<destination>{cb31ccf9-d4f0-42fd-8e50-cf60a9c3e3cb}</destination>
		</relationship>
	</object>
	<object class="Timeline" id="{46999be9-1c4a-4048-92b3-6e3ac630bfaf}">
		<property name="isProxyEnabled">
			<value>false</value>
		</property>
	</object>
	<object class="ActionSheet" id="{00660931-521b-4c5d-84fb-795cb739c4e3}">
		<relationship name="modules">
			<destination>{cf717517-d787-4053-a57f-774bb2d9b0c2}</destination>
		</relationship>
	</object>
	<object class="EventMixerMaster" id="{6de3fac3-ef41-4d12-8e1f-7118562b2d24}">
		<relationship name="effectChain">
			<destination>{a85b90ee-9850-4738-a8e6-78987447a12b}</destination>
		</relationship>
		<relationship name="panner">
			<destination>{754c1e70-8de9-48f4-a28b-826950400722}</destination>
		</relationship>
		<relationship name="mixer">
			<destination>{2833bf52-4344-483b-ad34-374e50b9906f}</destination>
		</relationship>
	</object>
	<object class="MultiSound" id="{cf717517-d787-4053-a57f-774bb2d9b0c2}" />
	<object class="MixerBusEffectChain" id="{e0a99726-9b01-4f63-a22d-45afee216a98}">
		<relationship name="effects">
			<destination>{b7369801-43e1-4a24-9084-16b1586ff3d4}</destination>
		</relationship>
	</object>
	<object class="MixerBusPanner" id="{656c416e-379e-423e-96ed-1ae2d62cbec3}" />
	<object class="EventMixerGroup" id="{cb31ccf9-d4f0-42fd-8e50-cf60a9c3e3cb}">
		<property name="name">
			<value>Audio 1</value>
		</property>
		<relationship name="effectChain">
			<destination>{e074829e-626d-451e-9b79-688a588944dd}</destination>
		</relationship>
		<relationship name="panner">
			<destination>{34f6fc99-09ba-4807-ad6e-a5f83b66c5ca}</destination>
		</relationship>
		<relationship name="output">
			<destination>{6de3fac3-ef41-4d12-8e1f-7118562b2d24}</destination>
		</relationship>
	</object>
	<object class="MixerBusEffectChain" id="{a85b90ee-9850-4738-a8e6-78987447a12b}">
		<relationship name="effects">
			<destination>{18f6af19-497e-459f-a973-8030d743f066}</destination>
		</relationship>
	</object>
	<object class="MixerBusPanner" id="{754c1e70-8de9-48f4-a28b-826950400722}" />
	<object class="MixerBusFader" id="{b7369801-43e1-4a24-9084-16b1586ff3d4}" />
	<object class="MixerBusEffectChain" id="{e074829e-626d-451e-9b79-688a588944dd}">
		<relationship name="effects">
			<destination>{e25d54b1-b9c9-427c-900e-10ecc9f87ce0}</destination>
		</relationship>
	</object>
	<object class="MixerBusPanner" id="{34f6fc99-09ba-4807-ad6e-a5f83b66c5ca}" />
	<object class="MixerBusFader" id="{18f6af19-497e-459f-a973-8030d743f066}" />
	<object class="MixerBusFader" id="{e25d54b1-b9c9-427c-900e-10ecc9f87ce0}" />
</objects>
