<?xml version="1.0" encoding="UTF-8"?>
<objects serializationModel="Studio.02.02.00">
	<object class="Event" id="{26c3849d-3bf4-47ec-9cfa-dcb0ddb8c42d}">
		<property name="name">
			<value>faucet_open</value>
		</property>
		<property name="outputFormat">
			<value>2</value>
		</property>
		<relationship name="folder">
			<destination>{8ccfa28b-5d86-4bfd-a031-18c9e9af2c96}</destination>
		</relationship>
		<relationship name="mixer">
			<destination>{14f963dd-1666-462f-ad46-df0bb9f9830a}</destination>
		</relationship>
		<relationship name="masterTrack">
			<destination>{e3a5a5f7-1890-4379-8178-265d6dc5bcf4}</destination>
		</relationship>
		<relationship name="mixerInput">
			<destination>{17c9ba07-81c0-461a-a6bf-d54fb1d8c7ee}</destination>
		</relationship>
		<relationship name="automatableProperties">
			<destination>{6ab5ca75-4fd6-49a1-886a-09446ef8e1d3}</destination>
		</relationship>
		<relationship name="markerTracks">
			<destination>{28102dee-6b77-454c-8ca9-c3a7f6fff5c5}</destination>
		</relationship>
		<relationship name="groupTracks">
			<destination>{2bccffb2-0299-4cf3-a84e-de2754d5f67c}</destination>
		</relationship>
		<relationship name="timeline">
			<destination>{d6fa1eb6-e569-48a9-b034-633c2eccf9fc}</destination>
		</relationship>
	</object>
	<object class="EventMixer" id="{14f963dd-1666-462f-ad46-df0bb9f9830a}">
		<relationship name="masterBus">
			<destination>{4f3278c4-0539-429a-9271-43f17f076ea0}</destination>
		</relationship>
	</object>
	<object class="MasterTrack" id="{e3a5a5f7-1890-4379-8178-265d6dc5bcf4}">
		<relationship name="mixerGroup">
			<destination>{4f3278c4-0539-429a-9271-43f17f076ea0}</destination>
		</relationship>
	</object>
	<object class="MixerInput" id="{17c9ba07-81c0-461a-a6bf-d54fb1d8c7ee}">
		<relationship name="effectChain">
			<destination>{8d6a78d7-9d33-4177-a5bd-06a6ac11b04a}</destination>
		</relationship>
		<relationship name="panner">
			<destination>{d125deb7-6fa0-486f-9d4c-1914151e9614}</destination>
		</relationship>
		<relationship name="output">
			<destination>{8c5fcc5f-6796-4f7f-b057-a67549a449af}</destination>
		</relationship>
	</object>
	<object class="EventAutomatableProperties" id="{6ab5ca75-4fd6-49a1-886a-09446ef8e1d3}" />
	<object class="MarkerTrack" id="{28102dee-6b77-454c-8ca9-c3a7f6fff5c5}" />
	<object class="GroupTrack" id="{2bccffb2-0299-4cf3-a84e-de2754d5f67c}">
		<relationship name="mixerGroup">
			<destination>{0a48c80c-0dea-4b5e-aac1-0e69698b7d66}</destination>
		</relationship>
	</object>
	<object class="Timeline" id="{d6fa1eb6-e569-48a9-b034-633c2eccf9fc}" />
	<object class="EventMixerMaster" id="{4f3278c4-0539-429a-9271-43f17f076ea0}">
		<relationship name="effectChain">
			<destination>{ad8541cb-0b57-4cb0-8412-602ae436a75d}</destination>
		</relationship>
		<relationship name="panner">
			<destination>{b2693066-9549-438e-9a3d-6c170458a187}</destination>
		</relationship>
		<relationship name="mixer">
			<destination>{14f963dd-1666-462f-ad46-df0bb9f9830a}</destination>
		</relationship>
	</object>
	<object class="MixerBusEffectChain" id="{8d6a78d7-9d33-4177-a5bd-06a6ac11b04a}">
		<relationship name="effects">
			<destination>{baae2917-c785-477b-a0c2-ece531fcf160}</destination>
		</relationship>
	</object>
	<object class="MixerBusPanner" id="{d125deb7-6fa0-486f-9d4c-1914151e9614}" />
	<object class="EventMixerGroup" id="{0a48c80c-0dea-4b5e-aac1-0e69698b7d66}">
		<property name="name">
			<value>Audio 1</value>
		</property>
		<relationship name="effectChain">
			<destination>{f22e8b19-dfff-4b95-95e1-1b5a1ef770e6}</destination>
		</relationship>
		<relationship name="panner">
			<destination>{7770d028-1c68-46f6-a559-75b9640807b4}</destination>
		</relationship>
		<relationship name="output">
			<destination>{4f3278c4-0539-429a-9271-43f17f076ea0}</destination>
		</relationship>
	</object>
	<object class="MixerBusEffectChain" id="{ad8541cb-0b57-4cb0-8412-602ae436a75d}">
		<relationship name="effects">
			<destination>{e7ea0c7c-c8c0-47d0-9682-70506e4b18e9}</destination>
			<destination>{ff955473-ac60-49a1-ac46-e263a7e3a114}</destination>
		</relationship>
	</object>
	<object class="MixerBusPanner" id="{b2693066-9549-438e-9a3d-6c170458a187}" />
	<object class="MixerBusFader" id="{baae2917-c785-477b-a0c2-ece531fcf160}" />
	<object class="MixerBusEffectChain" id="{f22e8b19-dfff-4b95-95e1-1b5a1ef770e6}">
		<relationship name="effects">
			<destination>{1301100a-6563-4287-b627-2aa828a86455}</destination>
		</relationship>
	</object>
	<object class="MixerBusPanner" id="{7770d028-1c68-46f6-a559-75b9640807b4}" />
	<object class="MixerBusFader" id="{e7ea0c7c-c8c0-47d0-9682-70506e4b18e9}" />
	<object class="SpatialiserEffect" id="{ff955473-ac60-49a1-ac46-e263a7e3a114}" />
	<object class="MixerBusFader" id="{1301100a-6563-4287-b627-2aa828a86455}" />
</objects>
