<?xml version="1.0" encoding="UTF-8"?>
<objects serializationModel="Studio.02.02.00">
	<object class="Event" id="{50c6d3c8-e129-414e-9bcc-2a9d8258990b}">
		<property name="name">
			<value>game_over</value>
		</property>
		<property name="outputFormat">
			<value>0</value>
		</property>
		<relationship name="folder">
			<destination>{442e9340-e5f2-4cd9-a194-b23dc79f1558}</destination>
		</relationship>
		<relationship name="mixer">
			<destination>{271f3994-ddcb-4bbe-bc0f-dada76494ed8}</destination>
		</relationship>
		<relationship name="masterTrack">
			<destination>{c9a1a14e-8ec7-4d72-b17c-673c57fbfed6}</destination>
		</relationship>
		<relationship name="mixerInput">
			<destination>{8835f08a-2ecb-4e6d-b4e5-dc47d7fe1504}</destination>
		</relationship>
		<relationship name="automatableProperties">
			<destination>{56a7ae15-1a60-41b2-ba53-66ba48d773c0}</destination>
		</relationship>
		<relationship name="markerTracks">
			<destination>{17cf275d-ce59-42a1-839a-37e39f5794ac}</destination>
		</relationship>
		<relationship name="groupTracks">
			<destination>{46f9f9ef-1faf-40df-a0be-73753bf65957}</destination>
		</relationship>
		<relationship name="timeline">
			<destination>{36807a97-6fd9-4806-9cbe-b59900619a8d}</destination>
		</relationship>
		<relationship name="parameters">
			<destination>{2e2da45c-45de-4033-ab8c-e9b8b1652468}</destination>
		</relationship>
		<relationship name="banks">
			<destination>{38cbe485-15ec-4f0f-8aa4-57410b1b7d18}</destination>
		</relationship>
	</object>
	<object class="EventMixer" id="{271f3994-ddcb-4bbe-bc0f-dada76494ed8}">
		<relationship name="masterBus">
			<destination>{b698af68-0fae-4fa5-b384-3aea5febb411}</destination>
		</relationship>
	</object>
	<object class="MasterTrack" id="{c9a1a14e-8ec7-4d72-b17c-673c57fbfed6}">
		<relationship name="modules">
			<destination>{e6e6bc71-cc53-4e9d-a262-a4e4b650ff07}</destination>
		</relationship>
		<relationship name="mixerGroup">
			<destination>{b698af68-0fae-4fa5-b384-3aea5febb411}</destination>
		</relationship>
	</object>
	<object class="MixerInput" id="{8835f08a-2ecb-4e6d-b4e5-dc47d7fe1504}">
		<relationship name="effectChain">
			<destination>{9dce9ab4-d5cb-486f-9458-2d34c44b3c72}</destination>
		</relationship>
		<relationship name="panner">
			<destination>{a28acd73-3188-45bc-b156-af8c2692fd73}</destination>
		</relationship>
		<relationship name="output">
			<destination>{8c5fcc5f-6796-4f7f-b057-a67549a449af}</destination>
		</relationship>
	</object>
	<object class="EventAutomatableProperties" id="{56a7ae15-1a60-41b2-ba53-66ba48d773c0}" />
	<object class="MarkerTrack" id="{17cf275d-ce59-42a1-839a-37e39f5794ac}" />
	<object class="GroupTrack" id="{46f9f9ef-1faf-40df-a0be-73753bf65957}">
		<relationship name="mixerGroup">
			<destination>{f89ca88a-519c-4f25-a849-ad0f2f0ca27a}</destination>
		</relationship>
	</object>
	<object class="Timeline" id="{36807a97-6fd9-4806-9cbe-b59900619a8d}">
		<property name="isProxyEnabled">
			<value>false</value>
		</property>
	</object>
	<object class="ActionSheet" id="{2e2da45c-45de-4033-ab8c-e9b8b1652468}">
		<relationship name="modules">
			<destination>{e6e6bc71-cc53-4e9d-a262-a4e4b650ff07}</destination>
		</relationship>
	</object>
	<object class="EventMixerMaster" id="{b698af68-0fae-4fa5-b384-3aea5febb411}">
		<relationship name="effectChain">
			<destination>{68ac268c-09e5-496d-abe1-d5539f142250}</destination>
		</relationship>
		<relationship name="panner">
			<destination>{e87606be-59ab-4810-91ed-11becf30bf3d}</destination>
		</relationship>
		<relationship name="mixer">
			<destination>{271f3994-ddcb-4bbe-bc0f-dada76494ed8}</destination>
		</relationship>
	</object>
	<object class="MultiSound" id="{e6e6bc71-cc53-4e9d-a262-a4e4b650ff07}" />
	<object class="MixerBusEffectChain" id="{9dce9ab4-d5cb-486f-9458-2d34c44b3c72}">
		<relationship name="effects">
			<destination>{f9bb653b-16af-472e-ba7c-ba4b1f9b9dfc}</destination>
		</relationship>
	</object>
	<object class="MixerBusPanner" id="{a28acd73-3188-45bc-b156-af8c2692fd73}" />
	<object class="EventMixerGroup" id="{f89ca88a-519c-4f25-a849-ad0f2f0ca27a}">
		<property name="name">
			<value>Audio 1</value>
		</property>
		<relationship name="effectChain">
			<destination>{d4d1c86c-3ff7-49aa-a35a-e488d65d3c8d}</destination>
		</relationship>
		<relationship name="panner">
			<destination>{9f1b9170-d19b-4916-b5ad-5feb4c1f5850}</destination>
		</relationship>
		<relationship name="output">
			<destination>{b698af68-0fae-4fa5-b384-3aea5febb411}</destination>
		</relationship>
	</object>
	<object class="MixerBusEffectChain" id="{68ac268c-09e5-496d-abe1-d5539f142250}">
		<relationship name="effects">
			<destination>{8910e19f-f956-4c6b-9f28-76d71cb3b694}</destination>
		</relationship>
	</object>
	<object class="MixerBusPanner" id="{e87606be-59ab-4810-91ed-11becf30bf3d}" />
	<object class="MixerBusFader" id="{f9bb653b-16af-472e-ba7c-ba4b1f9b9dfc}" />
	<object class="MixerBusEffectChain" id="{d4d1c86c-3ff7-49aa-a35a-e488d65d3c8d}">
		<relationship name="effects">
			<destination>{641ac016-cfb1-485b-be3f-d519b7e2051b}</destination>
		</relationship>
	</object>
	<object class="MixerBusPanner" id="{9f1b9170-d19b-4916-b5ad-5feb4c1f5850}" />
	<object class="MixerBusFader" id="{8910e19f-f956-4c6b-9f28-76d71cb3b694}" />
	<object class="MixerBusFader" id="{641ac016-cfb1-485b-be3f-d519b7e2051b}" />
</objects>
