<?xml version="1.0" encoding="UTF-8"?>
<objects serializationModel="Studio.02.02.00">
	<object class="Event" id="{8e314990-50a1-4eb1-aee8-47066b7ab736}">
		<property name="name">
			<value>fridge-door_open</value>
		</property>
		<property name="outputFormat">
			<value>2</value>
		</property>
		<relationship name="folder">
			<destination>{8ccfa28b-5d86-4bfd-a031-18c9e9af2c96}</destination>
		</relationship>
		<relationship name="mixer">
			<destination>{8886919b-5225-43d5-b316-890d66dea20c}</destination>
		</relationship>
		<relationship name="masterTrack">
			<destination>{8940048f-0642-4215-a50a-ccd5d856b884}</destination>
		</relationship>
		<relationship name="mixerInput">
			<destination>{eed8bd4b-d7ab-476a-9f31-0fae70edd733}</destination>
		</relationship>
		<relationship name="automatableProperties">
			<destination>{b37ed8ba-a8a1-4749-8585-b0e004826342}</destination>
		</relationship>
		<relationship name="markerTracks">
			<destination>{038dd863-8933-4260-aed7-f17ea8116624}</destination>
		</relationship>
		<relationship name="groupTracks">
			<destination>{9fce11c4-ebb7-4fc8-824e-e0fa92e95873}</destination>
		</relationship>
		<relationship name="timeline">
			<destination>{cc67c952-88e7-43a3-8d75-c68e68960447}</destination>
		</relationship>
	</object>
	<object class="EventMixer" id="{8886919b-5225-43d5-b316-890d66dea20c}">
		<relationship name="masterBus">
			<destination>{52cd25f8-d065-4e20-b2b4-bf334e164b4d}</destination>
		</relationship>
	</object>
	<object class="MasterTrack" id="{8940048f-0642-4215-a50a-ccd5d856b884}">
		<relationship name="mixerGroup">
			<destination>{52cd25f8-d065-4e20-b2b4-bf334e164b4d}</destination>
		</relationship>
	</object>
	<object class="MixerInput" id="{eed8bd4b-d7ab-476a-9f31-0fae70edd733}">
		<relationship name="effectChain">
			<destination>{210f4a5a-280b-4603-a25d-5460dd23b158}</destination>
		</relationship>
		<relationship name="panner">
			<destination>{3ccc51f2-23ce-4bd2-92d1-6e1c7a988cd9}</destination>
		</relationship>
		<relationship name="output">
			<destination>{8c5fcc5f-6796-4f7f-b057-a67549a449af}</destination>
		</relationship>
	</object>
	<object class="EventAutomatableProperties" id="{b37ed8ba-a8a1-4749-8585-b0e004826342}" />
	<object class="MarkerTrack" id="{038dd863-8933-4260-aed7-f17ea8116624}" />
	<object class="GroupTrack" id="{9fce11c4-ebb7-4fc8-824e-e0fa92e95873}">
		<relationship name="mixerGroup">
			<destination>{f4a3cd14-eb9b-4e0f-96d5-d95e27559801}</destination>
		</relationship>
	</object>
	<object class="Timeline" id="{cc67c952-88e7-43a3-8d75-c68e68960447}" />
	<object class="EventMixerMaster" id="{52cd25f8-d065-4e20-b2b4-bf334e164b4d}">
		<relationship name="effectChain">
			<destination>{21e3fcb9-5167-44aa-bd69-20741310037f}</destination>
		</relationship>
		<relationship name="panner">
			<destination>{81a1ba2c-f928-492f-80c8-5b18309c9412}</destination>
		</relationship>
		<relationship name="mixer">
			<destination>{8886919b-5225-43d5-b316-890d66dea20c}</destination>
		</relationship>
	</object>
	<object class="MixerBusEffectChain" id="{210f4a5a-280b-4603-a25d-5460dd23b158}">
		<relationship name="effects">
			<destination>{ee42318f-6c57-4596-88af-2648c8c22a7f}</destination>
		</relationship>
	</object>
	<object class="MixerBusPanner" id="{3ccc51f2-23ce-4bd2-92d1-6e1c7a988cd9}" />
	<object class="EventMixerGroup" id="{f4a3cd14-eb9b-4e0f-96d5-d95e27559801}">
		<property name="name">
			<value>Audio 1</value>
		</property>
		<relationship name="effectChain">
			<destination>{7587f7cd-139a-454a-80e9-8a03368ebe98}</destination>
		</relationship>
		<relationship name="panner">
			<destination>{ebdeabec-8747-4838-a1f2-1f8c9525d082}</destination>
		</relationship>
		<relationship name="output">
			<destination>{52cd25f8-d065-4e20-b2b4-bf334e164b4d}</destination>
		</relationship>
	</object>
	<object class="MixerBusEffectChain" id="{21e3fcb9-5167-44aa-bd69-20741310037f}">
		<relationship name="effects">
			<destination>{b9938901-c805-4858-b114-560628d5f6ee}</destination>
			<destination>{f73681ad-e54d-4613-bd46-eabf009f5f63}</destination>
		</relationship>
	</object>
	<object class="MixerBusPanner" id="{81a1ba2c-f928-492f-80c8-5b18309c9412}" />
	<object class="MixerBusFader" id="{ee42318f-6c57-4596-88af-2648c8c22a7f}" />
	<object class="MixerBusEffectChain" id="{7587f7cd-139a-454a-80e9-8a03368ebe98}">
		<relationship name="effects">
			<destination>{4c83df7d-c390-4467-9e37-4ad2bdb1d49a}</destination>
		</relationship>
	</object>
	<object class="MixerBusPanner" id="{ebdeabec-8747-4838-a1f2-1f8c9525d082}" />
	<object class="MixerBusFader" id="{b9938901-c805-4858-b114-560628d5f6ee}" />
	<object class="SpatialiserEffect" id="{f73681ad-e54d-4613-bd46-eabf009f5f63}" />
	<object class="MixerBusFader" id="{4c83df7d-c390-4467-9e37-4ad2bdb1d49a}" />
</objects>
