<?xml version="1.0" encoding="UTF-8"?>
<objects serializationModel="Studio.02.02.00">
	<object class="AudioFile" id="{b9e0572d-9ecc-4235-820a-ab1ba45a2c7e}">
		<property name="assetPath">
			<value>spray-end.ogg</value>
		</property>
		<property name="frequencyInKHz">
			<value>44.0999985</value>
		</property>
		<property name="channelCount">
			<value>2</value>
		</property>
		<property name="length">
			<value>0.38083900226757372</value>
		</property>
		<relationship name="masterAssetFolder">
			<destination>{2458dc13-5d6e-47df-b35f-7bab8bdb4952}</destination>
		</relationship>
	</object>
</objects>
