<?xml version="1.0" encoding="UTF-8"?>
<objects serializationModel="Studio.02.02.00">
	<object class="Event" id="{1646a770-c7d8-491b-b07a-f9d5a85b0ba1}">
		<property name="name">
			<value>drawer_locked</value>
		</property>
		<property name="outputFormat">
			<value>2</value>
		</property>
		<relationship name="folder">
			<destination>{b53a3bf3-7db1-4afa-94a9-4cd9b813c43a}</destination>
		</relationship>
		<relationship name="mixer">
			<destination>{e41836dc-9454-4e02-9586-8f0d4783c4d8}</destination>
		</relationship>
		<relationship name="masterTrack">
			<destination>{23d171fe-975e-4421-970c-8f255b60b33f}</destination>
		</relationship>
		<relationship name="mixerInput">
			<destination>{544c2967-8b5e-4031-be31-545a5748548b}</destination>
		</relationship>
		<relationship name="automatableProperties">
			<destination>{04e87587-8f6d-4c9e-bae6-4e391a5271cb}</destination>
		</relationship>
		<relationship name="markerTracks">
			<destination>{3f872221-d1da-45b1-a908-54e3a2f0f3b6}</destination>
		</relationship>
		<relationship name="groupTracks">
			<destination>{1bb0d3c7-5392-463b-8b79-dbd7d24fa3cd}</destination>
		</relationship>
		<relationship name="timeline">
			<destination>{3d9f9869-6e84-41ff-92cd-17a0334c3194}</destination>
		</relationship>
		<relationship name="banks">
			<destination>{38cbe485-15ec-4f0f-8aa4-57410b1b7d18}</destination>
		</relationship>
	</object>
	<object class="EventMixer" id="{e41836dc-9454-4e02-9586-8f0d4783c4d8}">
		<relationship name="masterBus">
			<destination>{fbc449bb-7a09-4a7e-a5f8-4376b0de12a8}</destination>
		</relationship>
	</object>
	<object class="MasterTrack" id="{23d171fe-975e-4421-970c-8f255b60b33f}">
		<relationship name="mixerGroup">
			<destination>{fbc449bb-7a09-4a7e-a5f8-4376b0de12a8}</destination>
		</relationship>
	</object>
	<object class="MixerInput" id="{544c2967-8b5e-4031-be31-545a5748548b}">
		<relationship name="effectChain">
			<destination>{b583bffe-07bd-45b1-b626-59249fbba75c}</destination>
		</relationship>
		<relationship name="panner">
			<destination>{4ecbd754-352b-4f2e-86a1-7ece0df4ff97}</destination>
		</relationship>
		<relationship name="output">
			<destination>{6567b0cd-92b1-4386-972c-9388a65e0e12}</destination>
		</relationship>
	</object>
	<object class="EventAutomatableProperties" id="{04e87587-8f6d-4c9e-bae6-4e391a5271cb}" />
	<object class="MarkerTrack" id="{3f872221-d1da-45b1-a908-54e3a2f0f3b6}" />
	<object class="GroupTrack" id="{1bb0d3c7-5392-463b-8b79-dbd7d24fa3cd}">
		<relationship name="modules">
			<destination>{3320ee57-99c2-42ff-b05b-fd57638d36be}</destination>
		</relationship>
		<relationship name="mixerGroup">
			<destination>{de001ba2-fb42-4396-8ee6-f33c56b897d9}</destination>
		</relationship>
	</object>
	<object class="Timeline" id="{3d9f9869-6e84-41ff-92cd-17a0334c3194}">
		<relationship name="modules">
			<destination>{3320ee57-99c2-42ff-b05b-fd57638d36be}</destination>
		</relationship>
	</object>
	<object class="EventMixerMaster" id="{fbc449bb-7a09-4a7e-a5f8-4376b0de12a8}">
		<relationship name="effectChain">
			<destination>{ef090e0a-d3c4-4fea-81c7-3043146a2b36}</destination>
		</relationship>
		<relationship name="panner">
			<destination>{56fea16b-22be-43aa-8694-6971e7aab00e}</destination>
		</relationship>
		<relationship name="mixer">
			<destination>{e41836dc-9454-4e02-9586-8f0d4783c4d8}</destination>
		</relationship>
	</object>
	<object class="MixerBusEffectChain" id="{b583bffe-07bd-45b1-b626-59249fbba75c}">
		<relationship name="effects">
			<destination>{fe276c7f-adfe-4f9d-a293-a3971d5e0ac2}</destination>
		</relationship>
	</object>
	<object class="MixerBusPanner" id="{4ecbd754-352b-4f2e-86a1-7ece0df4ff97}" />
	<object class="MultiSound" id="{3320ee57-99c2-42ff-b05b-fd57638d36be}">
		<property name="length">
			<value>1.1105852010737929</value>
		</property>
		<relationship name="modulators">
			<destination>{4895e025-deca-42b6-8515-c1e9e92f9702}</destination>
			<destination>{c15389d8-5f53-4954-8b8c-d00b263cf644}</destination>
		</relationship>
		<relationship name="fadeInCurve">
			<destination>{07f86fcb-2189-4c5a-9177-999eb57c6365}</destination>
		</relationship>
		<relationship name="fadeOutCurve">
			<destination>{5e09b29a-117b-4e42-a18f-e7d80b640b4e}</destination>
		</relationship>
		<relationship name="sounds">
			<destination>{3dfb546a-29aa-4bdd-9182-e957e6f89e82}</destination>
			<destination>{27d2a980-a059-4bed-9812-4aa5c803be6b}</destination>
		</relationship>
	</object>
	<object class="EventMixerGroup" id="{de001ba2-fb42-4396-8ee6-f33c56b897d9}">
		<property name="volume">
			<value>10</value>
		</property>
		<property name="name">
			<value>Audio 1</value>
		</property>
		<relationship name="effectChain">
			<destination>{0758b660-b894-44c2-a26d-8bcdc615aa7c}</destination>
		</relationship>
		<relationship name="panner">
			<destination>{5e0ef4e6-328a-4061-b890-c0cf0b3fc76e}</destination>
		</relationship>
		<relationship name="output">
			<destination>{fbc449bb-7a09-4a7e-a5f8-4376b0de12a8}</destination>
		</relationship>
	</object>
	<object class="MixerBusEffectChain" id="{ef090e0a-d3c4-4fea-81c7-3043146a2b36}">
		<relationship name="effects">
			<destination>{64563a90-10a3-4f10-87f1-2f1a9069e415}</destination>
			<destination>{c57e613c-ee2f-4b8d-b6e7-1f487464a0a8}</destination>
		</relationship>
	</object>
	<object class="MixerBusPanner" id="{56fea16b-22be-43aa-8694-6971e7aab00e}" />
	<object class="MixerBusFader" id="{fe276c7f-adfe-4f9d-a293-a3971d5e0ac2}" />
	<object class="RandomizerModulator" id="{4895e025-deca-42b6-8515-c1e9e92f9702}">
		<property name="nameOfPropertyBeingModulated">
			<value>volume</value>
		</property>
		<property name="amount">
			<value>7.5</value>
		</property>
	</object>
	<object class="RandomizerModulator" id="{c15389d8-5f53-4954-8b8c-d00b263cf644}">
		<property name="nameOfPropertyBeingModulated">
			<value>pitch</value>
		</property>
		<property name="amount">
			<value>6.5</value>
		</property>
	</object>
	<object class="FadeCurve" id="{07f86fcb-2189-4c5a-9177-999eb57c6365}">
		<relationship name="startPoint">
			<destination>{8c67d7f0-95ce-45cc-9497-20fbed7082dc}</destination>
		</relationship>
		<relationship name="endPoint">
			<destination>{7c1bc7c3-6557-4c17-ac2b-06371d87ad2b}</destination>
		</relationship>
	</object>
	<object class="FadeCurve" id="{5e09b29a-117b-4e42-a18f-e7d80b640b4e}">
		<relationship name="startPoint">
			<destination>{dce1b52a-3919-44e2-80a8-9084b8b875b0}</destination>
		</relationship>
		<relationship name="endPoint">
			<destination>{310675be-2fc3-4794-878c-e727f804bad7}</destination>
		</relationship>
	</object>
	<object class="SingleSound" id="{3dfb546a-29aa-4bdd-9182-e957e6f89e82}">
		<relationship name="audioFile">
			<destination>{6083abbd-7cdd-4f9d-99c5-c37da6b98bbe}</destination>
		</relationship>
	</object>
	<object class="SingleSound" id="{27d2a980-a059-4bed-9812-4aa5c803be6b}">
		<relationship name="audioFile">
			<destination>{fe333421-625d-49bc-a71e-f4c6ef47486c}</destination>
		</relationship>
	</object>
	<object class="MixerBusEffectChain" id="{0758b660-b894-44c2-a26d-8bcdc615aa7c}">
		<relationship name="effects">
			<destination>{50979282-11a1-47fd-90a5-b91cc06c33b6}</destination>
		</relationship>
	</object>
	<object class="MixerBusPanner" id="{5e0ef4e6-328a-4061-b890-c0cf0b3fc76e}" />
	<object class="MixerBusFader" id="{64563a90-10a3-4f10-87f1-2f1a9069e415}" />
	<object class="SpatialiserEffect" id="{c57e613c-ee2f-4b8d-b6e7-1f487464a0a8}" />
	<object class="AutomationPoint" id="{8c67d7f0-95ce-45cc-9497-20fbed7082dc}">
		<property name="position">
			<value>0</value>
		</property>
		<property name="value">
			<value>0</value>
		</property>
		<property name="curveShape">
			<value>-0.2547189</value>
		</property>
	</object>
	<object class="AutomationPoint" id="{7c1bc7c3-6557-4c17-ac2b-06371d87ad2b}">
		<property name="position">
			<value>0.000244140625</value>
		</property>
		<property name="value">
			<value>1</value>
		</property>
	</object>
	<object class="AutomationPoint" id="{dce1b52a-3919-44e2-80a8-9084b8b875b0}">
		<property name="position">
			<value>1.109461334860641</value>
		</property>
		<property name="value">
			<value>1</value>
		</property>
		<property name="curveShape">
			<value>0.25471893</value>
		</property>
	</object>
	<object class="AutomationPoint" id="{310675be-2fc3-4794-878c-e727f804bad7}">
		<property name="position">
			<value>1.1105852010737929</value>
		</property>
		<property name="value">
			<value>0</value>
		</property>
	</object>
	<object class="MixerBusFader" id="{50979282-11a1-47fd-90a5-b91cc06c33b6}" />
</objects>
