<?xml version="1.0" encoding="UTF-8"?>
<objects serializationModel="Studio.02.02.00">
	<object class="ParameterPreset" id="{a39f5541-e9d0-468f-a097-13ebe8be5492}">
		<property name="name">
			<value>Parameter 1</value>
		</property>
		<relationship name="folder">
			<destination>{baad7a71-f567-4759-bdef-022dfe33f9d2}</destination>
		</relationship>
		<relationship name="parameter">
			<destination>{aa402456-0295-4cef-97d2-a615b3f70d0e}</destination>
		</relationship>
	</object>
	<object class="GameParameter" id="{aa402456-0295-4cef-97d2-a615b3f70d0e}">
		<property name="parameterType">
			<value>1</value>
		</property>
		<property name="maximum">
			<value>3</value>
		</property>
		<property name="initialValue">
			<value>0</value>
		</property>
	</object>
</objects>
