<?xml version="1.0" encoding="UTF-8"?>
<objects serializationModel="Studio.02.02.00">
	<object class="MixerGroup" id="{68553642-b127-4c4c-9c71-8dd7e376b591}">
		<property name="name">
			<value>BGM</value>
		</property>
		<relationship name="effectChain">
			<destination>{3b26a2bc-66ee-4562-83da-397ab6a66d8d}</destination>
		</relationship>
		<relationship name="panner">
			<destination>{4f70a7c8-f19e-4766-8284-2abb54153bfa}</destination>
		</relationship>
		<relationship name="output">
			<destination>{8c5fcc5f-6796-4f7f-b057-a67549a449af}</destination>
		</relationship>
	</object>
	<object class="MixerBusEffectChain" id="{3b26a2bc-66ee-4562-83da-397ab6a66d8d}">
		<relationship name="effects">
			<destination>{a1c18d67-7cc0-46a6-a178-19170cd2348f}</destination>
			<destination>{f8ddb292-43c2-4de2-a3b4-7db35624c238}</destination>
			<destination>{9921402e-d40e-452f-b08b-14e02179b954}</destination>
		</relationship>
	</object>
	<object class="MixerBusPanner" id="{4f70a7c8-f19e-4766-8284-2abb54153bfa}" />
	<object class="MixerBusFader" id="{a1c18d67-7cc0-46a6-a178-19170cd2348f}" />
	<object class="CompressorEffect" id="{f8ddb292-43c2-4de2-a3b4-7db35624c238}">
		<property name="threshold">
			<value>-40.5</value>
		</property>
		<property name="ratio">
			<value>9.19999981</value>
		</property>
		<property name="attackTime">
			<value>0.100000001</value>
		</property>
		<property name="releaseTime">
			<value>580</value>
		</property>
		<relationship name="sidechains">
			<destination>{6e40317f-cba7-4241-abc1-bd778142df26}</destination>
		</relationship>
	</object>
	<object class="CompressorEffect" id="{9921402e-d40e-452f-b08b-14e02179b954}">
		<property name="threshold">
			<value>-18</value>
		</property>
		<property name="ratio">
			<value>1.64999998</value>
		</property>
		<property name="attackTime">
			<value>0.5</value>
		</property>
		<property name="releaseTime">
			<value>320</value>
		</property>
		<relationship name="sidechains">
			<destination>{79211cd3-a5b0-4288-ba3f-697716647d08}</destination>
		</relationship>
	</object>
</objects>
