<?xml version="1.0" encoding="UTF-8"?>
<objects serializationModel="Studio.02.02.00">
	<object class="AudioFile" id="{d2d4b6c1-e2db-4055-9518-049591514edb}">
		<property name="assetPath">
			<value>game-over.ogg</value>
		</property>
		<property name="isStreaming">
			<value>true</value>
		</property>
		<property name="frequencyInKHz">
			<value>44.0999985</value>
		</property>
		<property name="channelCount">
			<value>2</value>
		</property>
		<property name="length">
			<value>12</value>
		</property>
		<relationship name="masterAssetFolder">
			<destination>{2458dc13-5d6e-47df-b35f-7bab8bdb4952}</destination>
		</relationship>
	</object>
</objects>
